{"theme_color":"#ffc600","background_color":"#ffc600","icons":[{"sizes":"512x512","src":"logoapp.png","type":"image/png"}],"orientation":"portrait","display":"fullscreen","dir":"auto","lang":"ru","name":"Sck интернет магазин","short_name":"sck","start_url":"/","scope":"https://sck.kz/","description":"Интернет магазин электроники мебели и других товаров","id":"https://sck.kz/","display_override":["fullscreen","window-controls-overlay"],"categories":["shopping"],"shortcuts":[{"name":"sck-logo","url":"https://sck.kz/logoapp.png","description":"logo"}]}